Questao,a,b,c
3,4.90988,0.22751,0.27811
7,4.754,0.37548,0.20003
11,2.74981,-0.23035,0.22434
15,2.10838,0.80678,0.16725
25,1.72676,2.00908,0.22638
33,4.83287,0.36217,0.2041
36,2.2557,0.15138,0.16304
40,3.11338,0.48212,0.18723
45,3.70482,0.50693,0.20999

